,method,precision,recall,f1_score
0,Advanced RAG,0.3861381274169729,0.6957327223292424,0.4420203411530126
1,Naive RAG,0.3592259310313091,0.6921592835987781,0.4163098163097847
2,No RAG,0.2390938951440329,0.3962274151817848,0.2660869836048363
3,Gemma2-9B-it,0.23176272372264053,0.38711817759956546,0.2570081325396467
4,GPT4o-mini,0.12985733216460854,0.4381175050694813,0.18157059617315188
5,mixtral-8x7b,0.07682049582093171,0.44164875667633025,0.11692151474682422
