method,precision,recall,f1_score
Advanced RAG,0.3861381274169729,0.6957327223292424,0.4420203411530126
Naive RAG,0.3592259310313091,0.6921592835987781,0.4163098163097847
No RAG,0.23909389514403295,0.3962274151817848,0.2660869836048363
